{
  "saves": [
    {
      "playing": {
        "0": {
          "0": false,
          "1": false,
          "2": false,
          "3": false,
          "4": false,
          "5": false,
          "6": false,
          "7": false,
          "8": false,
          "9": false,
          "10": false,
          "11": false,
          "12": false,
          "13": false,
          "14": false,
          "15": false,
          "16": false,
          "17": false,
          "18": false,
          "19": false,
          "20": false,
          "21": false,
          "22": false,
          "23": false,
          "24": false,
          "25": false,
          "26": false,
          "27": false,
          "28": false,
          "29": false,
          "30": false,
          "31": false,
          "32": false,
          "33": false,
          "34": false,
          "35": false,
          "36": false,
          "37": false
        },
        "1": {
          "0": false,
          "1": false,
          "2": false,
          "3": false,
          "4": false,
          "5": false,
          "6": false,
          "7": false,
          "8": false,
          "9": false,
          "10": false,
          "11": false,
          "12": false,
          "13": true,
          "14": false,
          "15": true,
          "16": false,
          "17": false,
          "18": false,
          "19": false,
          "20": false,
          "21": false,
          "22": false,
          "23": false,
          "24": false,
          "25": false,
          "26": false,
          "27": false,
          "28": false,
          "29": false,
          "30": false,
          "31": false,
          "32": false,
          "33": false,
          "34": false,
          "35": false,
          "36": false,
          "37": false
        },
        "2": {
          "0": false,
          "1": false,
          "2": false,
          "3": false,
          "4": false,
          "5": false,
          "6": false,
          "7": false,
          "8": false,
          "9": false,
          "10": true,
          "11": false,
          "12": false,
          "13": true,
          "14": false,
          "15": false,
          "16": false,
          "17": false,
          "18": false,
          "19": false,
          "20": false,
          "21": false,
          "22": false,
          "23": false,
          "24": false,
          "25": false,
          "26": false,
          "27": false,
          "28": false,
          "29": false,
          "30": false,
          "31": false,
          "32": false,
          "33": false,
          "34": false,
          "35": false,
          "36": false,
          "37": false
        },
        "3": {
          "0": false,
          "1": false,
          "2": false,
          "3": false,
          "4": false,
          "5": false,
          "6": false,
          "7": false,
          "8": false,
          "9": false,
          "10": false,
          "11": false,
          "12": false,
          "13": false,
          "14": false,
          "15": false,
          "16": false,
          "17": false,
          "18": false,
          "19": false,
          "20": false,
          "21": false,
          "22": false,
          "23": false,
          "24": false,
          "25": false,
          "26": false,
          "27": false,
          "28": false,
          "29": false,
          "30": false,
          "31": false,
          "32": false,
          "33": false,
          "34": false,
          "35": false,
          "36": false,
          "37": false
        },
        "4": {},
        "5": {},
        "6": {},
        "7": {}
      }
    },
    {
      "playing": {
        "0": {
          "0": false,
          "1": false,
          "2": false,
          "3": false,
          "4": false,
          "5": false,
          "6": false,
          "7": false,
          "8": false,
          "9": false,
          "10": false,
          "11": false,
          "12": false,
          "13": false,
          "14": false,
          "15": false,
          "16": false,
          "17": false,
          "18": false,
          "19": false,
          "20": false,
          "21": false,
          "22": false,
          "23": false,
          "24": false,
          "25": false,
          "26": false,
          "27": false,
          "28": false,
          "29": false,
          "30": false,
          "31": false,
          "32": false,
          "33": false,
          "34": false,
          "35": false,
          "36": false,
          "37": false
        },
        "1": {
          "0": false,
          "1": false,
          "2": false,
          "3": false,
          "4": false,
          "5": false,
          "6": false,
          "7": false,
          "8": false,
          "9": false,
          "10": false,
          "11": true,
          "12": false,
          "13": false,
          "14": false,
          "15": true,
          "16": false,
          "17": false,
          "18": false,
          "19": false,
          "20": false,
          "21": false,
          "22": false,
          "23": false,
          "24": false,
          "25": false,
          "26": false,
          "27": false,
          "28": false,
          "29": false,
          "30": false,
          "31": false,
          "32": false,
          "33": false,
          "34": false,
          "35": false,
          "36": false,
          "37": false
        },
        "2": {
          "0": false,
          "1": false,
          "2": false,
          "3": false,
          "4": false,
          "5": false,
          "6": false,
          "7": true,
          "8": false,
          "9": false,
          "10": false,
          "11": true,
          "12": false,
          "13": false,
          "14": false,
          "15": false,
          "16": false,
          "17": false,
          "18": false,
          "19": false,
          "20": false,
          "21": false,
          "22": false,
          "23": false,
          "24": false,
          "25": false,
          "26": false,
          "27": false,
          "28": false,
          "29": false,
          "30": false,
          "31": false,
          "32": false,
          "33": false,
          "34": false,
          "35": false,
          "36": false,
          "37": false
        },
        "3": {
          "0": false,
          "1": false,
          "2": false,
          "3": false,
          "4": false,
          "5": false,
          "6": false,
          "7": false,
          "8": false,
          "9": false,
          "10": false,
          "11": false,
          "12": false,
          "13": false,
          "14": false,
          "15": false,
          "16": false,
          "17": false,
          "18": false,
          "19": false,
          "20": false,
          "21": false,
          "22": false,
          "23": false,
          "24": false,
          "25": false,
          "26": false,
          "27": false,
          "28": false,
          "29": false,
          "30": false,
          "31": false,
          "32": false,
          "33": false,
          "34": false,
          "35": false,
          "36": false,
          "37": false
        },
        "4": {},
        "5": {},
        "6": {},
        "7": {}
      },
      "overlap": -20,
      "length": 2000
    },
    {
      "playing": {
        "0": {
          "0": false,
          "1": false,
          "2": false,
          "3": false,
          "4": false,
          "5": false,
          "6": false,
          "7": false,
          "8": false,
          "9": false,
          "10": false,
          "11": false,
          "12": false,
          "13": false,
          "14": false,
          "15": false,
          "16": false,
          "17": false,
          "18": false,
          "19": false,
          "20": false,
          "21": false,
          "22": false,
          "23": false,
          "24": false,
          "25": false,
          "26": false,
          "27": false,
          "28": false,
          "29": false,
          "30": false,
          "31": false,
          "32": false,
          "33": false,
          "34": false,
          "35": false,
          "36": false,
          "37": false
        },
        "1": {
          "0": false,
          "1": false,
          "2": false,
          "3": false,
          "4": false,
          "5": false,
          "6": false,
          "7": false,
          "8": false,
          "9": false,
          "10": true,
          "11": false,
          "12": false,
          "13": false,
          "14": false,
          "15": false,
          "16": false,
          "17": false,
          "18": false,
          "19": false,
          "20": false,
          "21": false,
          "22": false,
          "23": false,
          "24": false,
          "25": false,
          "26": false,
          "27": false,
          "28": true,
          "29": false,
          "30": false,
          "31": false,
          "32": false,
          "33": false,
          "34": false,
          "35": false,
          "36": false,
          "37": false
        },
        "2": {
          "0": false,
          "1": false,
          "2": false,
          "3": false,
          "4": false,
          "5": false,
          "6": false,
          "7": false,
          "8": false,
          "9": false,
          "10": true,
          "11": false,
          "12": true,
          "13": false,
          "14": false,
          "15": false,
          "16": false,
          "17": false,
          "18": false,
          "19": false,
          "20": false,
          "21": false,
          "22": false,
          "23": false,
          "24": false,
          "25": false,
          "26": false,
          "27": false,
          "28": true,
          "29": false,
          "30": false,
          "31": false,
          "32": false,
          "33": false,
          "34": false,
          "35": false,
          "36": false,
          "37": false
        },
        "3": {
          "0": false,
          "1": false,
          "2": false,
          "3": false,
          "4": false,
          "5": false,
          "6": false,
          "7": false,
          "8": false,
          "9": false,
          "10": false,
          "11": false,
          "12": false,
          "13": false,
          "14": false,
          "15": false,
          "16": false,
          "17": false,
          "18": false,
          "19": false,
          "20": false,
          "21": false,
          "22": false,
          "23": false,
          "24": false,
          "25": false,
          "26": false,
          "27": false,
          "28": false,
          "29": false,
          "30": false,
          "31": false,
          "32": false,
          "33": false,
          "34": false,
          "35": false,
          "36": false,
          "37": false
        },
        "4": {},
        "5": {},
        "6": {},
        "7": {}
      },
      "length": 2000,
      "overlap": -50
    },
    {
      "playing": {
        "0": {
          "0": false,
          "1": false,
          "2": false,
          "3": false,
          "4": false,
          "5": false,
          "6": false,
          "7": false,
          "8": false,
          "9": false,
          "10": false,
          "11": false,
          "12": false,
          "13": false,
          "14": false,
          "15": false,
          "16": false,
          "17": false,
          "18": false,
          "19": false,
          "20": false,
          "21": false,
          "22": false,
          "23": false,
          "24": false,
          "25": false,
          "26": false,
          "27": false,
          "28": false,
          "29": false,
          "30": false,
          "31": false,
          "32": false,
          "33": false,
          "34": false,
          "35": false,
          "36": false,
          "37": false
        },
        "1": {
          "0": false,
          "1": false,
          "2": false,
          "3": false,
          "4": false,
          "5": false,
          "6": false,
          "7": false,
          "8": false,
          "9": false,
          "10": true,
          "11": false,
          "12": false,
          "13": false,
          "14": false,
          "15": false,
          "16": false,
          "17": false,
          "18": false,
          "19": false,
          "20": false,
          "21": false,
          "22": false,
          "23": false,
          "24": false,
          "25": false,
          "26": false,
          "27": false,
          "28": true,
          "29": false,
          "30": false,
          "31": false,
          "32": false,
          "33": false,
          "34": false,
          "35": false,
          "36": false,
          "37": false
        },
        "2": {
          "0": false,
          "1": false,
          "2": false,
          "3": false,
          "4": false,
          "5": false,
          "6": false,
          "7": false,
          "8": false,
          "9": false,
          "10": true,
          "11": false,
          "12": true,
          "13": false,
          "14": false,
          "15": false,
          "16": false,
          "17": false,
          "18": false,
          "19": false,
          "20": false,
          "21": false,
          "22": false,
          "23": false,
          "24": false,
          "25": false,
          "26": false,
          "27": false,
          "28": true,
          "29": false,
          "30": false,
          "31": false,
          "32": false,
          "33": false,
          "34": false,
          "35": false,
          "36": false,
          "37": false
        },
        "3": {
          "0": false,
          "1": false,
          "2": false,
          "3": false,
          "4": false,
          "5": false,
          "6": false,
          "7": false,
          "8": false,
          "9": false,
          "10": false,
          "11": false,
          "12": false,
          "13": false,
          "14": false,
          "15": false,
          "16": false,
          "17": false,
          "18": false,
          "19": false,
          "20": false,
          "21": false,
          "22": false,
          "23": false,
          "24": false,
          "25": false,
          "26": false,
          "27": false,
          "28": false,
          "29": false,
          "30": false,
          "31": false,
          "32": false,
          "33": false,
          "34": false,
          "35": false,
          "36": false,
          "37": false
        },
        "4": {},
        "5": {},
        "6": {},
        "7": {}
      },
      "length": 500,
      "overlap": -20
    },
    {
      "playing": {
        "0": {
          "0": false,
          "1": false,
          "2": false,
          "3": false,
          "4": false,
          "5": false,
          "6": false,
          "7": false,
          "8": false,
          "9": false,
          "10": false,
          "11": false,
          "12": false,
          "13": false,
          "14": false,
          "15": false,
          "16": false,
          "17": false,
          "18": false,
          "19": false,
          "20": false,
          "21": false,
          "22": false,
          "23": false,
          "24": false,
          "25": false,
          "26": false,
          "27": false,
          "28": false,
          "29": false,
          "30": false,
          "31": false,
          "32": false,
          "33": false,
          "34": false,
          "35": false,
          "36": false,
          "37": false
        },
        "1": {
          "0": false,
          "1": false,
          "2": false,
          "3": false,
          "4": false,
          "5": false,
          "6": false,
          "7": false,
          "8": false,
          "9": false,
          "10": false,
          "11": false,
          "12": false,
          "13": true,
          "14": false,
          "15": false,
          "16": false,
          "17": false,
          "18": false,
          "19": false,
          "20": false,
          "21": false,
          "22": false,
          "23": false,
          "24": false,
          "25": false,
          "26": false,
          "27": false,
          "28": false,
          "29": false,
          "30": false,
          "31": false,
          "32": false,
          "33": false,
          "34": false,
          "35": false,
          "36": false,
          "37": false
        },
        "2": {
          "0": false,
          "1": false,
          "2": false,
          "3": false,
          "4": false,
          "5": false,
          "6": false,
          "7": false,
          "8": false,
          "9": false,
          "10": true,
          "11": false,
          "12": false,
          "13": true,
          "14": false,
          "15": true,
          "16": false,
          "17": false,
          "18": false,
          "19": false,
          "20": false,
          "21": false,
          "22": false,
          "23": false,
          "24": false,
          "25": false,
          "26": false,
          "27": false,
          "28": false,
          "29": false,
          "30": false,
          "31": false,
          "32": false,
          "33": false,
          "34": false,
          "35": false,
          "36": false,
          "37": false
        },
        "3": {
          "0": false,
          "1": false,
          "2": false,
          "3": false,
          "4": false,
          "5": false,
          "6": false,
          "7": false,
          "8": false,
          "9": false,
          "10": false,
          "11": false,
          "12": false,
          "13": false,
          "14": false,
          "15": false,
          "16": false,
          "17": false,
          "18": false,
          "19": false,
          "20": false,
          "21": false,
          "22": false,
          "23": false,
          "24": false,
          "25": false,
          "26": false,
          "27": false,
          "28": false,
          "29": false,
          "30": false,
          "31": false,
          "32": false,
          "33": false,
          "34": false,
          "35": false,
          "36": false,
          "37": false
        },
        "4": {},
        "5": {},
        "6": {},
        "7": {}
      },
      "length": 500,
      "overlap": -20
    },
    {
      "playing": {
        "0": {
          "0": false,
          "1": false,
          "2": false,
          "3": false,
          "4": false,
          "5": false,
          "6": false,
          "7": false,
          "8": false,
          "9": false,
          "10": false,
          "11": false,
          "12": false,
          "13": false,
          "14": false,
          "15": false,
          "16": false,
          "17": false,
          "18": false,
          "19": false,
          "20": false,
          "21": false,
          "22": false,
          "23": false,
          "24": false,
          "25": false,
          "26": false,
          "27": false,
          "28": false,
          "29": false,
          "30": false,
          "31": false,
          "32": false,
          "33": false,
          "34": false,
          "35": false,
          "36": false,
          "37": false
        },
        "1": {
          "0": false,
          "1": false,
          "2": false,
          "3": false,
          "4": false,
          "5": false,
          "6": false,
          "7": false,
          "8": false,
          "9": false,
          "10": false,
          "11": false,
          "12": true,
          "13": false,
          "14": false,
          "15": false,
          "16": false,
          "17": false,
          "18": false,
          "19": false,
          "20": false,
          "21": false,
          "22": false,
          "23": false,
          "24": false,
          "25": false,
          "26": false,
          "27": false,
          "28": true,
          "29": false,
          "30": false,
          "31": false,
          "32": false,
          "33": false,
          "34": false,
          "35": false,
          "36": false,
          "37": false
        },
        "2": {
          "0": false,
          "1": false,
          "2": false,
          "3": false,
          "4": false,
          "5": false,
          "6": false,
          "7": false,
          "8": false,
          "9": false,
          "10": true,
          "11": false,
          "12": false,
          "13": false,
          "14": false,
          "15": false,
          "16": false,
          "17": false,
          "18": false,
          "19": false,
          "20": false,
          "21": false,
          "22": false,
          "23": false,
          "24": false,
          "25": false,
          "26": false,
          "27": false,
          "28": true,
          "29": false,
          "30": false,
          "31": false,
          "32": false,
          "33": false,
          "34": false,
          "35": false,
          "36": false,
          "37": false
        },
        "3": {
          "0": false,
          "1": false,
          "2": false,
          "3": false,
          "4": false,
          "5": false,
          "6": false,
          "7": false,
          "8": false,
          "9": false,
          "10": true,
          "11": false,
          "12": false,
          "13": false,
          "14": false,
          "15": false,
          "16": false,
          "17": false,
          "18": false,
          "19": false,
          "20": false,
          "21": false,
          "22": false,
          "23": false,
          "24": false,
          "25": false,
          "26": false,
          "27": false,
          "28": false,
          "29": false,
          "30": false,
          "31": false,
          "32": false,
          "33": false,
          "34": false,
          "35": false,
          "36": false,
          "37": false
        },
        "4": {},
        "5": {},
        "6": {},
        "7": {}
      },
      "overlap": -20
    },
    {
      "playing": {
        "0": {
          "0": false,
          "1": false,
          "2": false,
          "3": false,
          "4": false,
          "5": false,
          "6": false,
          "7": false,
          "8": false,
          "9": false,
          "10": false,
          "11": false,
          "12": false,
          "13": false,
          "14": false,
          "15": false,
          "16": false,
          "17": false,
          "18": false,
          "19": false,
          "20": false,
          "21": false,
          "22": false,
          "23": false,
          "24": false,
          "25": false,
          "26": false,
          "27": false,
          "28": false,
          "29": false,
          "30": false,
          "31": false,
          "32": false,
          "33": false,
          "34": false,
          "35": false,
          "36": false,
          "37": false
        },
        "1": {
          "0": false,
          "1": false,
          "2": false,
          "3": false,
          "4": false,
          "5": false,
          "6": false,
          "7": false,
          "8": false,
          "9": false,
          "10": false,
          "11": false,
          "12": true,
          "13": false,
          "14": false,
          "15": false,
          "16": true,
          "17": false,
          "18": false,
          "19": false,
          "20": false,
          "21": false,
          "22": false,
          "23": false,
          "24": false,
          "25": false,
          "26": false,
          "27": false,
          "28": false,
          "29": false,
          "30": false,
          "31": false,
          "32": false,
          "33": false,
          "34": false,
          "35": false,
          "36": false,
          "37": false
        },
        "2": {
          "0": false,
          "1": false,
          "2": false,
          "3": false,
          "4": false,
          "5": false,
          "6": false,
          "7": false,
          "8": false,
          "9": false,
          "10": false,
          "11": false,
          "12": false,
          "13": false,
          "14": false,
          "15": false,
          "16": true,
          "17": false,
          "18": false,
          "19": false,
          "20": false,
          "21": false,
          "22": true,
          "23": false,
          "24": false,
          "25": false,
          "26": false,
          "27": false,
          "28": false,
          "29": false,
          "30": false,
          "31": false,
          "32": false,
          "33": false,
          "34": false,
          "35": false,
          "36": false,
          "37": false
        },
        "3": {
          "0": false,
          "1": false,
          "2": false,
          "3": false,
          "4": false,
          "5": false,
          "6": false,
          "7": false,
          "8": false,
          "9": false,
          "10": false,
          "11": false,
          "12": false,
          "13": false,
          "14": false,
          "15": false,
          "16": false,
          "17": false,
          "18": false,
          "19": false,
          "20": false,
          "21": false,
          "22": false,
          "23": false,
          "24": false,
          "25": false,
          "26": false,
          "27": false,
          "28": false,
          "29": false,
          "30": false,
          "31": false,
          "32": false,
          "33": false,
          "34": false,
          "35": false,
          "36": false,
          "37": false
        },
        "4": {},
        "5": {},
        "6": {},
        "7": {}
      }
    },
    null
  ],
  "isPlaying": false
}