{
  "octaves": 4,
  "mode": "cents",
  "label": "normal",
  "rows": 8,
  "concertPitch": "492",
  "pitch11": "492*3/(20*(81/80)^(1/4))",
  "data": [
    "113.5",
    "232.9",
    "611.5",
    "815.5",
    "949.1",
    "64.7",
    "295.9",
    "570.5",
    "731",
    "997.9",
    "1.8",
    "184.2",
    "380.4",
    "499.8",
    "682.2",
    "886.1",
    "1082.3",
    "1201.8",
    "99.7",
    "205.7",
    "415.3",
    "597.8",
    "766.7",
    "913.4",
    "1117.3",
    "29",
    "260.2",
    "527.1",
    "703.7",
    "962.2",
    "-47",
    "148.5",
    "344.7",
    "451",
    "646.5",
    "842.7",
    "1046.6",
    "1153"
  ]
}