{
  "octaves": 4,
  "mode": "cents",
  "label": "normal",
  "rows": 8,
  "concertPitch": "492",
  "pitch11": "492*3/(20*(81/80)^(1/4))",
  "data": [
    "122.5",
    "253.2",
    "625.9",
    "819.1",
    "933.6",
    "81.4",
    "316.1",
    "568.8",
    "778",
    "1012.2",
    "5.4",
    "182.5",
    "391.7",
    "508.8",
    "702",
    "884.5",
    "1088.3",
    "1205.4",
    "117.1",
    "245.5",
    "462.4",
    "596.1",
    "813.7",
    "916.6",
    "1129.8",
    "49.3",
    "280.5",
    "547.3",
    "751.2",
    "947.4",
    "-21.4",
    "133.7",
    "364.9",
    "503.4",
    "680.5",
    "863",
    "1066.9",
    "1178.6"
  ]
}